010468dAA11382c,Janet,Valenzuela
03A1E62ADdeb31c,Corey,Holt
053d585Ab6b3159,Joanna,Bender
09D7D7C8Fe09aea,Marcus,Moody
0e04AFde9f225dE,Brett,Mullen
0F60FF3DdCd7aB0,Joanna,Kirk
17aD8e2dB3df03D,Sherry,Garza
1Ef7b82A4CAAD10,Preston,Lozano
216E205d6eBb815,Carl,Schroeder
2354a0E336A91A1,Clarence,Haynes
283DFCD0Dba40aF,Gloria,Mccall
28CDbC0dFe4b1Db,Fred,Guerra
2A13F74EAa7DA6c,Makayla,Cannon
2d08FB17EE273F4,Aimee,Downs
2f79Cd309624Abb,Natalie,Gentry
2FB0FAA1d429421,Colleen,Howard
300A40d3ce24bBA,Geoffrey,Guzman
30Dfa48fe5Ede78,Rhonda,Frost
37Ec4B395641c1E,Lori,Flowers
3B5dAAFA41AFa22,Stefanie,Fitzpatrick
421a109cABDf5fa,Virginia,Dudley
54B5B5Fe9F1B6C5,Sherry,Young
5Cef8BFA16c5e3c,Linda,Olsen
5ef6d3eefdD43bE,Nina,Chavez
636cBF0835E10ff,Eileen,Lynch
64DCcDFaB9DFd4e,Jack,Tate
679c6c83DD872d6,Tom,Trujillo
6e5ad5a5e2bB5Ca,Bryan,Dunn
6F94879bDAfE5a6,Roy,Berry
6fEaA1b7cab7B6C,Faith,Lutz
78C06E9b6B3DF20,Chad,Davidson
7a1Ee69F4fF4B4D,Jordan,Gay
7Ce381e4Afa4ba9,Gabriel,Mejia
7E441b6B228DBcA,Wayne,Simpson
80F33Fd2AcebF05,Latoya,Mccann
889eCf90f68c5Da,Nicholas,Sosa
8C2811a503C7c5a,Michelle,Gallagher
8c7DdF10798bCC3,Kathy,Hill
8cad0b4CBceaeec,Miranda,Beasley
98b3aeDcC3B9FF3,Shane,Foley
9Cf5E6AFE0aeBfd,Shelley,Harris
9F9AdB7B8A6f7F2,Maxwell,Frye
a014Ec1b9FccC1E,Tom,Alvarado
A08A8aF8BE9FaD4,Kristine,Cox
A09AEc6E3bF70eE,Kaitlyn,Santana
A3F76Be153Df4a3,Anita,Benson
a5DC21AE3a21eaA,Caroline,Foley
A7F85c1DE4dB87f,Alejandro,Blair
a940cE42e035F28,Lynn,Pham
Aa20BDe68eAb0e9,Gerald,Hawkins
aA9BAFfBc3710fe,Faith,Moon
aAb6AFc7AfD0fF3,Collin,Ayers
aBdfcF2c50b0bfD,Dakota,Poole
aEcbe5365BbC67D,Eddie,Jimenez
B5acdFC982124F2,Danny,Parrish
b92EBfdF8a3f0E6,Frederick,Harper
BE91A0bdcA49Bbc,Darrell,Douglas
BF6a1f9bd1bf8DE,Brittany,Zuniga
c09952De6Cda8aA,Stacie,Richard
c23d1D9EE8DEB0A,Yvonne,Farmer
C2dE4dEEc489ae0,Sheryl,Meyers
C6763c99d0bd16D,Emma,Cunningham
C681dDd0cc422f7,Kelli,Hardy
C6F2Fc6a7948a4e,Ralph,Haas
c8FE57cBBdCDcb2,Phyllis,Maldonado
cb8E23e48d22Eae,Karl,Greer
CbAE1d1e9a8dCb1,Laurie,Pennington
CBCd2Ac8E3eBDF9,Alexandria,Buck
CC68FD1D3Bbbf22,Riley,Good
CeD220bdAaCfaDf,Lynn,Atkinson
CEDec94deE6d69B,Jenna,Dodson
D01Af0AF7cBbFeA,Regina,Stein
D3fC11A9C235Dc6,Luis,Greer
d40e89dCade7b2F,Debra,Riddle
D6CEAfb3BDbaa1A,Leslie,Jennings
dca4f1D0A0fc5c9,Bruce,Esparza
DD37Cf93aecA6Dc,Sheryl,Baxter
E11dfb2DB8C9f72,Tammie,Haley
e35426EbDEceaFF,Tracey,Mata
E4Bbcd8AD81fC5f,Alison,Vargas
e898eEB1B9FE22b,Samuel,Crawford
E8E7e8Cfe516ef0,Hunter,Moreno
EA4d384DfDbBf77,Darren,Peck
Ebdb6F6F7c90b69,Kathleen,Mckay
ebe77E5Bf9476CE,Duane,Woods
eC1927Ca84E033e,Shane,Wilcox
EDA69ca7a6e96a2,Kent,Bradshaw
Ef859092FbEcC07,Richard,Roth
efeb73245CDf1fF,Vernon,Kane
F160f5Db3EfE973,Clifford,Jacobson
f3BEf3Be028166f,Robin,West
F4Fc91fEAEad286,Brady,Cohen
F560f2d3cDFb618,Candice,Keller
F8Aa9d6DfcBeeF8,Greg,Mata
faCEF517ae7D8eB,Patricia,Goodwin
FBd0Ded4F02a742,Kiara,Houston
FCBdfCEAe20A8Dc,Chloe,Hutchinson
fD780ED8dbEae7B,Joanne,Montes
fF1b6c9E8Fbf1ff,Fernando,Lambert
FfaeFFbbbf280db,Cassidy,Mcmahon
